{"format": "layers-model", "generatedBy": "keras v2.15.0", "convertedBy": "TensorFlow.js Converter v4.20.0", "modelTopology": {"keras_version": "2.15.0", "backend": "tensorflow", "model_config": {"class_name": "Functional", "config": {"name": "model", "trainable": true, "layers": [{"class_name": "InputLayer", "config": {"batch_input_shape": [null, 3], "dtype": "float32", "sparse": false, "ragged": false, "name": "input_1"}, "name": "input_1", "inbound_nodes": []}, {"class_name": "Dense", "config": {"name": "dense", "trainable": true, "dtype": "float32", "units": 3, "activation": "leaky_relu", "use_bias": true, "kernel_initializer": {"module": "keras.initializers", "class_name": "GlorotUniform", "config": {"seed": null}, "registered_name": null}, "bias_initializer": {"module": "keras.initializers", "class_name": "Zeros", "config": {}, "registered_name": null}, "kernel_regularizer": null, "bias_regularizer": null, "activity_regularizer": null, "kernel_constraint": null, "bias_constraint": null}, "name": "dense", "inbound_nodes": [[["input_1", 0, 0, {}]]]}, {"class_name": "BatchNormalization", "config": {"name": "batch_normalization", "trainable": true, "dtype": "float32", "axis": [1], "momentum": 0.99, "epsilon": 0.001, "center": true, "scale": true, "beta_initializer": {"module": "keras.initializers", "class_name": "Zeros", "config": {}, "registered_name": null}, "gamma_initializer": {"module": "keras.initializers", "class_name": "Ones", "config": {}, "registered_name": null}, "moving_mean_initializer": {"module": "keras.initializers", "class_name": "Zeros", "config": {}, "registered_name": null}, "moving_variance_initializer": {"module": "keras.initializers", "class_name": "Ones", "config": {}, "registered_name": null}, "beta_regularizer": null, "gamma_regularizer": null, "beta_constraint": null, "gamma_constraint": null}, "name": "batch_normalization", "inbound_nodes": [[["dense", 0, 0, {}]]]}, {"class_name": "InputLayer", "config": {"batch_input_shape": [null, 14, 2], "dtype": "float32", "sparse": false, "ragged": false, "name": "input_2"}, "name": "input_2", "inbound_nodes": []}, {"class_name": "Activation", "config": {"name": "activation", "trainable": true, "dtype": "float32", "activation": "sigmoid"}, "name": "activation", "inbound_nodes": [[["batch_normalization", 0, 0, {}]]]}, {"class_name": "LSTM", "config": {"name": "lstm", "trainable": true, "dtype": "float32", "return_sequences": false, "return_state": false, "go_backwards": false, "stateful": false, "unroll": false, "time_major": false, "units": 3, "activation": "tanh", "recurrent_activation": "sigmoid", "use_bias": true, "kernel_initializer": {"module": "keras.initializers", "class_name": "GlorotUniform", "config": {"seed": null}, "registered_name": null}, "recurrent_initializer": {"module": "keras.initializers", "class_name": "Orthogonal", "config": {"gain": 1.0, "seed": null}, "registered_name": null}, "bias_initializer": {"module": "keras.initializers", "class_name": "Zeros", "config": {}, "registered_name": null}, "unit_forget_bias": true, "kernel_regularizer": null, "recurrent_regularizer": null, "bias_regularizer": null, "activity_regularizer": null, "kernel_constraint": null, "recurrent_constraint": null, "bias_constraint": null, "dropout": 0.0, "recurrent_dropout": 0.0, "implementation": 2}, "name": "lstm", "inbound_nodes": [[["input_2", 0, 0, {}]]]}, {"class_name": "Multiply", "config": {"name": "multiply", "trainable": true, "dtype": "float32"}, "name": "multiply", "inbound_nodes": [[["activation", 0, 0, {}], ["lstm", 0, 0, {}]]]}, {"class_name": "Dense", "config": {"name": "dense_1", "trainable": true, "dtype": "float32", "units": 14, "activation": "linear", "use_bias": true, "kernel_initializer": {"module": "keras.initializers", "class_name": "GlorotUniform", "config": {"seed": null}, "registered_name": null}, "bias_initializer": {"module": "keras.initializers", "class_name": "Zeros", "config": {}, "registered_name": null}, "kernel_regularizer": null, "bias_regularizer": null, "activity_regularizer": null, "kernel_constraint": null, "bias_constraint": null}, "name": "dense_1", "inbound_nodes": [[["multiply", 0, 0, {}]]]}], "input_layers": [["input_1", 0, 0], ["input_2", 0, 0]], "output_layers": [["dense_1", 0, 0]]}}, "training_config": {"loss": "mse", "metrics": null, "weighted_metrics": null, "loss_weights": null, "optimizer_config": {"class_name": "Custom>Adam", "config": {"name": "Adam", "weight_decay": null, "clipnorm": null, "global_clipnorm": null, "clipvalue": null, "use_ema": false, "ema_momentum": 0.99, "ema_overwrite_frequency": null, "jit_compile": false, "is_legacy_optimizer": false, "learning_rate": 0.0010000000474974513, "beta_1": 0.9, "beta_2": 0.999, "epsilon": 1e-07, "amsgrad": false}}}}, "weightsManifest": [{"paths": ["group1-shard1of1.bin"], "weights": [{"name": "batch_normalization/gamma", "shape": [3], "dtype": "float32"}, {"name": "batch_normalization/beta", "shape": [3], "dtype": "float32"}, {"name": "batch_normalization/moving_mean", "shape": [3], "dtype": "float32"}, {"name": "batch_normalization/moving_variance", "shape": [3], "dtype": "float32"}, {"name": "dense/kernel", "shape": [3, 3], "dtype": "float32"}, {"name": "dense/bias", "shape": [3], "dtype": "float32"}, {"name": "dense_1/kernel", "shape": [3, 14], "dtype": "float32"}, {"name": "dense_1/bias", "shape": [14], "dtype": "float32"}, {"name": "lstm/lstm_cell/kernel", "shape": [2, 12], "dtype": "float32"}, {"name": "lstm/lstm_cell/recurrent_kernel", "shape": [3, 12], "dtype": "float32"}, {"name": "lstm/lstm_cell/bias", "shape": [12], "dtype": "float32"}]}]}